{"cameraMode":{"drawMode":0,"name":"Shaded","section":"Shading Mode"},"sceneLighting":false,"audioPlay":false,"sceneViewState":{"showFog":false,"showMaterialUpdate":false,"showSkybox":false,"showFlares":false,"showImageEffects":false,"showParticleSystems":false},"in2DMode":false,"pivot":{"x":20.069107055664064,"y":5.14058780670166,"z":14.255013465881348},"rotation":{"x":-0.03427315130829811,"y":-0.7042003273963928,"z":0.034022171050310138,"w":-0.7084295153617859},"size":1.9330124855041505,"orthographic":false}