{"cameraMode":{"drawMode":0,"name":"Shaded","section":"Shading Mode"},"sceneLighting":false,"audioPlay":false,"sceneViewState":{"showFog":false,"showMaterialUpdate":false,"showSkybox":false,"showFlares":false,"showImageEffects":false,"showParticleSystems":false},"in2DMode":false,"pivot":{"x":22.41750144958496,"y":6.140684127807617,"z":15.246687889099121},"rotation":{"x":-0.12863823771476746,"y":-0.8706982731819153,"z":0.31615757942199709,"w":-0.35423681139945986},"size":1.9330124855041505,"orthographic":false}