{"cameraMode":{"drawMode":0,"name":"Shaded","section":"Shading Mode"},"sceneLighting":false,"audioPlay":false,"sceneViewState":{"showFog":false,"showMaterialUpdate":false,"showSkybox":false,"showFlares":false,"showImageEffects":false,"showParticleSystems":false},"in2DMode":false,"pivot":{"x":15.791949272155762,"y":1.0,"z":10.412446975708008},"rotation":{"x":0.060222066938877109,"y":-0.9288607239723206,"z":0.32159504294395449,"w":0.17392782866954804},"size":0.8660259246826172,"orthographic":false}