{"cameraMode":{"drawMode":0,"name":"Shaded","section":"Shading Mode"},"sceneLighting":false,"audioPlay":false,"sceneViewState":{"showFog":false,"showMaterialUpdate":false,"showSkybox":false,"showFlares":false,"showImageEffects":false,"showParticleSystems":false},"in2DMode":false,"pivot":{"x":34.183589935302737,"y":-131.3710479736328,"z":158.076904296875},"rotation":{"x":-0.3088809549808502,"y":-0.1529041826725006,"z":0.0505017451941967,"w":-0.9374414086341858},"size":156.49008178710938,"orthographic":false}